{
    "metadata": [
        {
            "src": [
                {
                    "files": [
                        "/**.csproj"
                    ],
                    "exclude": [
                        "**/bin/**",
                        "**/obj/**"
                    ],
                    "src": "../src"
                }
            ],
            "dest": "api",
            "disableGitFeatures": false,
            "disableDefaultFilter": false
        }
    ],
    "build": {
        "content": [
            {
                "files": [
                    "api/**.yml",
                    "api/index.md"
                ]
            },
            {
                "files": [
                    "articles/**.md",
                    "articles/**/toc.yml",
                    "toc.yml",
                    "*.md"
                ]
            }
        ],
        "resource": [
            {
                "files": [
                    "images/**"
                ]
            }
        ],
        "overwrite": [
            {
                "files": [
                    "apidoc/**.md"
                ],
                "exclude": [
                    "obj/**",
                    "site/**"
                ]
            }
        ],
        "dest": "site",
        "globalMetadataFiles": [],
        "fileMetadataFiles": [],
        "template": [
            "default"
        ],
        "postProcessors": [],
        "markdownEngineName": "markdig",
        "noLangKeyword": false,
        "keepFileLink": false,
        "cleanupCacheHistory": false,
        "disableGitFeatures": false
    }
}